fold,roc_auc,precision,recall,f1_score
1,0.9999991125000001,0.9986016779864163,0.9998,0.9992004797121727
2,1.0,0.999000999000999,1.0,0.9995002498750625
3,0.999999575,0.9990005996402159,0.9996,0.9993002099370188
4,0.999999825,0.9995998399359743,0.9992,0.9993998799759952
5,0.9999999500000001,0.9994002399040384,0.9998,0.9996000799840032
