threshold,precision,recall,f1_score
0.2,0.9994001199760048,0.9996,0.9995000499950005
0.3,0.9994001199760048,0.9996,0.9995000499950005
0.4,0.9995999199839968,0.9994,0.9994999499949995
0.5,0.9995999199839968,0.9994,0.9994999499949995
0.6,1.0,0.9992,0.9995998399359743
0.7,1.0,0.9992,0.9995998399359743
0.8,1.0,0.999,0.9994997498749375
